Device_Name,Inventory_Check_Date,Inventory_Status,User_Checker
PTOPODTP228,2025-08-20T00:00:00,True,Tiago.Lima@allient.com
PTOPOLTP153,2025-08-20T00:00:00,True,Tiago.Lima@allient.com
AM-CS5KNN3,2025-08-20T00:00:00,True,Tiago.Lima@allient.com
AM-1GF5HW3,2025-08-20T00:00:00,True,Tiago.Lima@allient.com
AM-2H85HW3,2025-08-20T00:00:00,True,Tiago.Lima@allient.com
AM-6DD53T3,2025-08-20T00:00:00,True,Tiago.Lima@allient.com
AM-8R74JR3,2025-08-20T00:00:00,True,Tiago.Lima@allient.com
AM-J7M5JR3,2025-08-20T00:00:00,True,Tiago.Lima@allient.com
AM-DBM5JR3,2025-08-20T00:00:00,True,Tiago.Lima@allient.com
AM-1JFRKR3,2025-08-20T00:00:00,True,Tiago.Lima@allient.com
AM-9BM5JR3,2025-08-20T00:00:00,True,Tiago.Lima@allient.com
AM-4BM5JR3,2025-08-20T00:00:00,True,Tiago.Lima@allient.com
AM-1MF4JR3,2025-08-20T00:00:00,True,Tiago.Lima@allient.com
AM-2NKC8D3,2025-08-20T00:00:00,True,Tiago.Lima@allient.com
AM-6MK53T3,2025-08-20T00:00:00,True,Tiago.Lima@allient.com
AM-5BY0XV3,2025-08-20T00:00:00,True,Tiago.Lima@allient.com
AM-D0S6BW3,2025-08-20T00:00:00,True,Tiago.Lima@allient.com
AM-3DVR0D3,2025-08-20T00:00:00,True,Tiago.Lima@allient.com
AM-7BTR9W2,2025-08-20T00:00:00,True,Tiago.Lima@allient.com
AM-1FR1TM2,2025-08-20T00:00:00,True,Tiago.Lima@allient.com
AM-PB47TY0,2025-08-20T00:00:00,True,Tiago.Lima@allient.com
AM-CDVR0D3,2026-02-17T00:00:00,True,Glenn.Webb@allient.com
PTOPO21268D8289,2025-08-20T00:00:00,True,Tiago.Lima@allient.com
PTOPO21268D82B1,2025-08-20T00:00:00,True,Tiago.Lima@allient.com
PTOPO21274D8090,2025-08-20T00:00:00,True,Tiago.Lima@allient.com
PTOPO21274D80A3,2025-08-20T00:00:00,True,Tiago.Lima@allient.com
PTOPO23345D81AC,2025-08-20T00:00:00,True,Tiago.Lima@allient.com
PTOPODTP193,2025-08-20T00:00:00,True,Tiago.Lima@allient.com
PTOPODTP218,2025-08-20T00:00:00,True,Tiago.Lima@allient.com
PTOPODTP238,2025-08-20T00:00:00,True,Tiago.Lima@allient.com
AM-D6CF6M3,2026-02-17T00:00:00,True,Tiago.Lima@allient.com
AM-4QG75M3,2026-02-17T00:00:00,True,Tiago.Lima@allient.com
AM-BK8Q633,2025-08-20T00:00:00,True,Tiago.Lima@allient.com
AM-GQPXKR3,2025-08-20T00:00:00,True,Tiago.Lima@allient.com
AM-FK8JG24,2025-08-20T00:00:00,True,Tiago.Lima@allient.com
PTOPODTP899,2025-08-20T00:00:00,True,Tiago.Lima@allient.com
PTOPOPRD-F0Q5DD3,2025-08-20T00:00:00,True,Tiago.Lima@allient.com
AM-31QCCY3,2026-02-17T00:00:00,True,Glenn.Webb@allient.com
AM-5DW8FY3,2025-08-20T00:00:00,True,Tiago.Lima@allient.com
PTOPODTP211,2025-08-20T00:00:00,True,Tiago.Lima@allient.com
PTOPOLTP264,2025-08-20T00:00:00,True,Tiago.Lima@allient.com
AM-2HWWB54,2025-08-20T00:00:00,True,Tiago.Lima@allient.com
AM-6GDWB54,2025-08-20T00:00:00,True,Tiago.Lima@allient.com
PTOPODTP231,2025-08-20T00:00:00,True,Tiago.Lima@allient.com
AM-5CWCCY3,2026-02-17T00:00:00,True,Glenn.Webb@allient.com
AM-J8FP894,2025-08-20T00:00:00,True,Tiago.Lima@allient.com
AM-BBY0XV3,2025-08-20T00:00:00,True,Tiago.Lima@allient.com
PTOPOLTP248,2025-08-20T00:00:00,True,Tiago.Lima@allient.com
AM-9HWCCY3,2026-02-17T00:00:00,True,Glenn.Webb@allient.com
AM-93M4JR3,2025-08-20T00:00:00,True,Tiago.Lima@allient.com
DELXPWS19,2026-02-17T00:00:00,True,Glenn.Webb@allient.com
AM-4Q1GL63,2025-08-20T00:00:00,True,Tiago.Lima@allient.com
AM-4R58J84,2025-08-20T00:00:00,True,Tiago.Lima@allient.com
AM-B0S6BW3,2025-08-20T00:00:00,True,Tiago.Lima@allient.com
PTOPOLTP298,2025-08-20T00:00:00,True,Tiago.Lima@allient.com
AM-GTDR593,2025-08-20T00:00:00,True,Tiago.Lima@allient.com
PTOPOLTP230,2025-08-20T00:00:00,True,Tiago.Lima@allient.com
AM-HCTQ633,2025-08-20T00:00:00,True,Tiago.Lima@allient.com
PTOPOLTP259,2025-08-20T00:00:00,True,Tiago.Lima@allient.com
PTOPOLTP295,2025-08-20T00:00:00,True,Tiago.Lima@allient.com
PTOPOLTP294,2025-08-20T00:00:00,True,Tiago.Lima@allient.com
PTOPODTP250,2025-08-20T00:00:00,True,Tiago.Lima@allient.com
PTOPOLTP118,2025-08-20T00:00:00,True,Tiago.Lima@allient.com
PTOPODTP245,2025-08-20T00:00:00,True,Tiago.Lima@allient.com
PTOPODTP293,2025-08-20T00:00:00,True,Tiago.Lima@allient.com
PTOPODTP039MAN,2025-08-20T00:00:00,True,Tiago.Lima@allient.com
AM-7BFY9W2,2025-08-20T00:00:00,True,Tiago.Lima@allient.com
AM-H0T4JR3,2025-08-20T00:00:00,True,Tiago.Lima@allient.com
PTOPODTP091,2025-08-20T00:00:00,True,Tiago.Lima@allient.com
PTOPODTP165,2025-08-20T00:00:00,True,Tiago.Lima@allient.com
PTOPODTP166,2025-08-20T00:00:00,True,Tiago.Lima@allient.com
AM-6BXVH54,2025-08-20T00:00:00,True,Tiago.Lima@allient.com
AM-19XVH54,2025-08-20T00:00:00,True,Tiago.Lima@allient.com
GBKDMDTP006,2026-02-17T00:00:00,True,Glenn.Webb@allient.com
PTOPOLTP196,2025-08-20T00:00:00,True,Tiago.Lima@allient.com
PTOPODTP124,2025-08-20T00:00:00,True,Tiago.Lima@allient.com
AM-7ZK7T63,2025-08-20T00:00:00,True,Tiago.Lima@allient.com
AM-FQ161J3,2025-08-20T00:00:00,True,Tiago.Lima@allient.com
AM-HW7NH24,2025-08-20T00:00:00,True,Tiago.Lima@allient.com
PTOPODTP204,2025-08-20T00:00:00,True,Tiago.Lima@allient.com
PTOPODTP140,2025-08-20T00:00:00,True,Tiago.Lima@allient.com
AM-5426LN3,2025-08-20T00:00:00,True,Tiago.Lima@allient.com
PTOPOLTP239,2025-08-20T00:00:00,True,Tiago.Lima@allient.com
AM-6L34033,2025-08-20T00:00:00,True,Tiago.Lima@allient.com
AM-FXZCHW3,2025-08-20T00:00:00,True,Tiago.Lima@allient.com
PTOPOLTP217,2025-08-20T00:00:00,True,Tiago.Lima@allient.com
PTOPOLTP213,2025-08-20T00:00:00,True,Tiago.Lima@allient.com
PTOPODTP107,2025-08-20T00:00:00,True,Tiago.Lima@allient.com
PTOPODTP110,2025-08-20T00:00:00,True,Tiago.Lima@allient.com
PTOPODTP108,2025-08-20T00:00:00,True,Tiago.Lima@allient.com
PTOPODTP300,2025-08-20T00:00:00,True,Tiago.Lima@allient.com
AM-CRPNND3,2026-05-22T00:00:00,True,molly.gillum@allient.com
DLA01924,2026-05-22T00:00:00,True,molly.gillum@allient.com
AM-791SK63,2025-08-20T00:00:00,True,Tiago.Lima@allient.com
AM-7926LN3,2025-08-20T00:00:00,True,Tiago.Lima@allient.com
AM-5S161J3,2025-08-20T00:00:00,True,Tiago.Lima@allient.com
AM-6G2H7C3,2025-08-20T00:00:00,True,Tiago.Lima@allient.com
AM-318NBX2,2025-08-20T00:00:00,True,Tiago.Lima@allient.com
AM-HBY0XV3,2025-08-20T00:00:00,True,Tiago.Lima@allient.com
PTOPODTP173,2025-08-20T00:00:00,True,Tiago.Lima@allient.com
AM-2RV8KN3,2025-08-20T00:00:00,True,Tiago.Lima@allient.com
AM-CVPCCY3,2025-08-20T00:00:00,True,Tiago.Lima@allient.com
AM-6X3D8D3,2025-08-20T00:00:00,True,Tiago.Lima@allient.com
AM-7CKTFK3,2025-08-20T00:00:00,True,Tiago.Lima@allient.com
PTOPODTP175,2025-08-20T00:00:00,True,Tiago.Lima@allient.com
PTOPODTP170,2025-08-20T00:00:00,True,Tiago.Lima@allient.com
PTOPODTP297,2025-08-20T00:00:00,True,Tiago.Lima@allient.com
AM-48FRKR3,2026-02-17T00:00:00,True,Glenn.Webb@allient.com
AM-98F5HW3,2025-08-20T00:00:00,True,Tiago.Lima@allient.com
AM-DK7ZWT2,2025-08-20T00:00:00,True,Tiago.Lima@allient.com
PTOPOLTP245,2025-08-20T00:00:00,True,Tiago.Lima@allient.com
AM-2R58J84,2025-08-20T00:00:00,True,Tiago.Lima@allient.com
AM-GPMZZY2,2025-08-20T00:00:00,True,Tiago.Lima@allient.com
PTOPODTP138,2025-08-20T00:00:00,True,Tiago.Lima@allient.com
PTOPODTP121,2025-08-20T00:00:00,True,Tiago.Lima@allient.com
PTOPODTP130,2025-08-20T00:00:00,True,Tiago.Lima@allient.com
PTOPODTP135,2025-08-20T00:00:00,True,Tiago.Lima@allient.com
PTOPODTP183,2025-08-20T00:00:00,True,Tiago.Lima@allient.com
PTOPODTP131,2025-08-20T00:00:00,True,Tiago.Lima@allient.com
PTOPODTP178,2025-08-20T00:00:00,True,Tiago.Lima@allient.com
AM-4SCTK13,2025-08-20T00:00:00,True,Tiago.Lima@allient.com
PTOPODTP189,2025-08-20T00:00:00,True,Tiago.Lima@allient.com
PTOPOLTP256,2025-08-20T00:00:00,True,Tiago.Lima@allient.com
PTOPODTP304,2025-08-20T00:00:00,True,Tiago.Lima@allient.com
AM-8708TT3,2025-08-20T00:00:00,True,Tiago.Lima@allient.com
AM-8LPYWT2,2025-08-20T00:00:00,True,Tiago.Lima@allient.com
AM-4ZK7T63,2025-08-20T00:00:00,True,Tiago.Lima@allient.com
AM-3ZK7T63,2025-08-20T00:00:00,True,Tiago.Lima@allient.com
AM-F0QCCY3,2026-02-17T00:00:00,True,Glenn.Webb@allient.com
AM-1ZCPJV2,2025-08-20T00:00:00,True,Tiago.Lima@allient.com
AM-7YH4JR3,2025-08-20T00:00:00,True,Tiago.Lima@allient.com
AM-JQ46QN3,2025-08-20T00:00:00,True,Tiago.Lima@allient.com
AM-5Q3W5M3,2025-08-20T00:00:00,True,Tiago.Lima@allient.com
AM-5ZK7T63,2025-08-20T00:00:00,True,Tiago.Lima@allient.com
AM-FZVW733,2025-08-20T00:00:00,True,Tiago.Lima@allient.com
AM-8P68J84,2025-08-20T00:00:00,True,Tiago.Lima@allient.com
AM-BDM5JR3,2025-08-20T00:00:00,True,Tiago.Lima@allient.com
AM-8WGW733,2025-08-20T00:00:00,True,Tiago.Lima@allient.com
AM-28XVH54,2025-08-20T00:00:00,True,Tiago.Lima@allient.com
AM-15LHQ04,2025-08-20T00:00:00,True,Tiago.Lima@allient.com
AM-1G79FY3,2025-08-20T00:00:00,True,Tiago.Lima@allient.com
AM-21GRKY3,2026-03-24T00:00:00,True,molly.gillum@allient.com
AM-27W8FY3,2025-08-20T00:00:00,True,Tiago.Lima@allient.com
AM-2H4BLX3,2025-08-20T00:00:00,True,Tiago.Lima@allient.com
AM-30CL294,2025-08-20T00:00:00,True,Tiago.Lima@allient.com
AM-34ML574,2026-02-17T00:00:00,True,Glenn.Webb@allient.com
AM-37R9X24053FB,2025-08-20T00:00:00,True,Tiago.Lima@allient.com
AM-3CY0XV3,2025-08-20T00:00:00,True,Tiago.Lima@allient.com
AM-3GDWB54,2025-08-20T00:00:00,True,Tiago.Lima@allient.com
AM-3R58J84,2025-08-20T00:00:00,True,Tiago.Lima@allient.com
AM-40Q8FY3,2025-08-20T00:00:00,True,Tiago.Lima@allient.com
AM-46X9284,2026-02-17T00:00:00,True,Tiago.Lima@allient.com
AM-4DR2C54,2025-08-20T00:00:00,True,Tiago.Lima@allient.com
AM-4ZC3H94,2025-08-20T00:00:00,True,Tiago.Lima@allient.com
AM-5R58J84,2025-08-20T00:00:00,True,Tiago.Lima@allient.com
AM-5R6DKS3,2026-03-23T00:00:00,True,molly.gillum@allient.com
AM-63X9284,2026-02-17T00:00:00,True,Tiago.Lima@allient.com
AM-641K294,2025-08-20T00:00:00,True,Tiago.Lima@allient.com
AM-6R58J84,2025-08-20T00:00:00,True,Tiago.Lima@allient.com
AM-70QCCY3,2025-08-20T00:00:00,True,Tiago.Lima@allient.com
AM-740NH24,2025-08-20T00:00:00,True,Tiago.Lima@allient.com
AM-7B8W9W2,2025-08-20T00:00:00,True,Tiago.Lima@allient.com
AM-7M2BLX3,2025-08-20T00:00:00,True,Tiago.Lima@allient.com
AM-7R58J84,2025-08-20T00:00:00,True,Tiago.Lima@allient.com
AM-7Y2PH24,2025-08-20T00:00:00,True,Tiago.Lima@allient.com
AM-84GTMX3,2025-08-20T00:00:00,True,Tiago.Lima@allient.com
AM-9D60B44,2025-08-20T00:00:00,True,Tiago.Lima@allient.com
AM-9LFWQ34,2026-01-15T00:00:00,True,Tiago.Lima@allient.com
AM-9W63H94,2025-08-20T00:00:00,True,Tiago.Lima@allient.com
AM-B0G5T44,2026-03-23T00:00:00,True,molly.gillum@allient.com
AM-B1X9284,2026-02-17T00:00:00,True,Tiago.Lima@allient.com
AM-B4YLH24,2025-08-20T00:00:00,True,Tiago.Lima@allient.com
AM-BLM1C24,2025-08-20T00:00:00,True,Tiago.Lima@allient.com
AM-CXZCHW3,2025-08-20T00:00:00,True,Tiago.Lima@allient.com
AM-D15NH24,2025-08-20T00:00:00,True,Tiago.Lima@allient.com
AM-DGDWB54,2025-08-20T00:00:00,True,Tiago.Lima@allient.com
AM-DK79FY3,2025-08-20T00:00:00,True,Tiago.Lima@allient.com
AM-DK8JG24,2025-08-20T00:00:00,True,Tiago.Lima@allient.com
AM-DL79FY3,2025-08-20T00:00:00,True,Tiago.Lima@allient.com
AM-DWZCHW3,2025-08-20T00:00:00,True,Tiago.Lima@allient.com
AM-F0KWB54,2025-08-20T00:00:00,True,Tiago.Lima@allient.com
AM-F206S14,2025-08-20T00:00:00,True,Tiago.Lima@allient.com
AM-FV63H94,2025-08-20T00:00:00,True,Tiago.Lima@allient.com
AM-FZKL574,2026-02-17T00:00:00,True,Glenn.Webb@allient.com
AM-GH79FY3,2025-08-20T00:00:00,True,Tiago.Lima@allient.com
AM-GSKCQ04,2026-03-23T00:00:00,True,molly.gillum@allient.com
AM-J55NH24,2025-08-20T00:00:00,True,Tiago.Lima@allient.com
AM-J916S14,2026-02-17T00:00:00,True,Glenn.Webb@allient.com
AM-JBJ2VV3,2026-03-23T00:00:00,True,molly.gillum@allient.com
AM-JBY0XV3,2025-08-20T00:00:00,True,Tiago.Lima@allient.com
AM-JF4F244,2025-08-20T00:00:00,True,Tiago.Lima@allient.com
AM-JGDWB54,2025-08-20T00:00:00,True,Tiago.Lima@allient.com
DLA01923,2026-05-22T00:00:00,True,molly.gillum@allient.com
DLA01977,2026-05-22T00:00:00,True,molly.gillum@allient.com
PTOPODTP180,2025-08-20T00:00:00,True,Tiago.Lima@allient.com
PTOPODTP202,2025-08-20T00:00:00,True,Tiago.Lima@allient.com
PTOPOLTP128,2025-08-20T00:00:00,True,Tiago.Lima@allient.com
PTOPOLTP160,2025-08-20T00:00:00,True,Tiago.Lima@allient.com
PTOPOTAB299,2025-08-20T00:00:00,True,Tiago.Lima@allient.com
AM-15CL294,2025-11-19T00:00:00,True,Tiago.Lima@allient.com
AM-1P57GC4,2025-11-19T00:00:00,True,Tiago.Lima@allient.com
AM-2757N44,2025-11-19T00:00:00,True,Tiago.Lima@allient.com
AM-2P57GC4,2025-11-19T00:00:00,True,Tiago.Lima@allient.com
AM-366K294,2025-11-19T00:00:00,True,Tiago.Lima@allient.com
AM-3DJ7GK3,2025-11-19T00:00:00,True,Tiago.Lima@allient.com
AM-3HWCCY3,2025-11-19T00:00:00,True,Tiago.Lima@allient.com
AM-3K79FY3,2025-11-20T00:00:00,True,Tiago.Lima@allient.com
AM-3P57GC4,2025-11-19T00:00:00,True,Tiago.Lima@allient.com
AM-4029FY3,2025-11-19T00:00:00,True,Tiago.Lima@allient.com
AM-4P57GC4,2025-11-19T00:00:00,True,Tiago.Lima@allient.com
AM-575NH24,2025-11-19T00:00:00,True,Tiago.Lima@allient.com
AM-5P57GC4,2025-11-19T00:00:00,True,Tiago.Lima@allient.com
AM-61QCCY3,2025-11-20T00:00:00,True,Tiago.Lima@allient.com
AM-655NH24,2025-11-20T00:00:00,True,Tiago.Lima@allient.com
AM-686K294,2025-11-19T00:00:00,True,Tiago.Lima@allient.com
AM-6P57GC4,2025-11-19T00:00:00,True,Tiago.Lima@allient.com
AM-725NH24,2025-11-19T00:00:00,True,Tiago.Lima@allient.com
AM-7P57GC4,2025-11-19T00:00:00,True,Tiago.Lima@allient.com
AM-7W7NH24,2025-11-20T00:00:00,True,Tiago.Lima@allient.com
AM-8P57GC4,2025-11-19T00:00:00,True,Tiago.Lima@allient.com
AM-9JCK294,2025-11-19T00:00:00,True,Tiago.Lima@allient.com
AM-9M2BLX3,2025-11-19T00:00:00,True,Tiago.Lima@allient.com
AM-9P57GC4,2025-11-19T00:00:00,True,Tiago.Lima@allient.com
AM-BM2BLX3,2025-11-20T00:00:00,True,Tiago.Lima@allient.com
AM-BP57GC4,2025-11-19T00:00:00,True,Tiago.Lima@allient.com
AM-BSPCCY3,2025-11-20T00:00:00,True,Tiago.Lima@allient.com
AM-CP57GC4,2025-11-19T00:00:00,True,Tiago.Lima@allient.com
AM-DW7NH24,2025-11-19T00:00:00,True,Tiago.Lima@allient.com
AM-F948J84,2025-11-20T00:00:00,True,Tiago.Lima@allient.com
AM-G45NH24,2025-11-19T00:00:00,True,Tiago.Lima@allient.com
AM-G948J84,2025-11-19T00:00:00,True,Tiago.Lima@allient.com
AM-HSLDC54,2025-11-19T00:00:00,True,Tiago.Lima@allient.com
AM-JCWCCY3,2025-11-19T00:00:00,True,Tiago.Lima@allient.com
AM-JDWCCY3,2025-11-19T00:00:00,True,Tiago.Lima@allient.com
SESTODTP198,2025-11-19T00:00:00,True,Tiago.Lima@allient.com
AM-H948J84,2025-11-19T00:00:00,True,Tiago.Lima@allient.com
SESTOLTP196,2025-11-19T00:00:00,True,Tiago.Lima@allient.com
SESTOLTP174,2025-11-19T00:00:00,True,Tiago.Lima@allient.com
SESTOLTP171,2025-11-19T00:00:00,True,Tiago.Lima@allient.com
SESTOLTP173,2025-11-19T00:00:00,True,Tiago.Lima@allient.com
AM-DKC08G3,2025-11-19T00:00:00,True,Tiago.Lima@allient.com
AM-68KTFK3,2025-11-19T00:00:00,True,Tiago.Lima@allient.com
AM-C9KTFK3,2025-11-19T00:00:00,True,Tiago.Lima@allient.com
SESTOLTP217,2025-11-19T00:00:00,True,Tiago.Lima@allient.com
AM-2TYBZB4,2025-11-19T00:00:00,True,Tiago.Lima@allient.com
AM-6CM5JR3,2025-11-19T00:00:00,True,Tiago.Lima@allient.com
SESTODTP119,2025-11-19T00:00:00,True,Tiago.Lima@allient.com
SESTOLTP147,2025-11-20T00:00:00,True,Tiago.Lima@allient.com
SESTODTP214,2025-11-19T00:00:00,True,Tiago.Lima@allient.com
AM-2JW5LN3,2025-11-19T00:00:00,True,Tiago.Lima@allient.com
AM-GGZM1T3,2025-11-20T00:00:00,True,Tiago.Lima@allient.com
AM-7B79FY3,2025-11-20T00:00:00,True,Tiago.Lima@allient.com
AM-CH85HW3,2025-11-19T00:00:00,True,Tiago.Lima@allient.com
AM-82JY854,2025-11-19T00:00:00,True,Tiago.Lima@allient.com
AM-9Z8NH24,2025-11-19T00:00:00,True,Tiago.Lima@allient.com
AM-2QXML63,2025-11-19T00:00:00,True,Tiago.Lima@allient.com
AM-4CY6LN3,2025-11-19T00:00:00,True,Tiago.Lima@allient.com
SESTODTP102,2025-11-19T00:00:00,True,Tiago.Lima@allient.com
SESTODTP103,2025-11-19T00:00:00,True,Tiago.Lima@allient.com
SESTODTP143,2025-11-19T00:00:00,True,Tiago.Lima@allient.com
SESTODTP163,2025-11-20T00:00:00,True,Tiago.Lima@allient.com
SESTOLTP049,2025-11-19T00:00:00,True,Tiago.Lima@allient.com
SESTOLTP222,2025-11-19T00:00:00,True,Tiago.Lima@allient.com
SESTODTP146,2025-11-19T00:00:00,True,Tiago.Lima@allient.com
SESTODTP217,2025-11-19T00:00:00,True,Tiago.Lima@allient.com
SESTODTP218,2025-11-19T00:00:00,True,Tiago.Lima@allient.com
SESTODTP221,2025-11-19T00:00:00,True,Tiago.Lima@allient.com
SESTODTP222,2025-11-19T00:00:00,True,Tiago.Lima@allient.com
AM-1PVR8D3,2025-11-20T00:00:00,True,Tiago.Lima@allient.com
AM-FBY6LN3,2025-11-19T00:00:00,True,Tiago.Lima@allient.com
SESTODTP111,2025-11-19T00:00:00,True,Tiago.Lima@allient.com
AM-387Q6D3,2025-11-19T00:00:00,True,Tiago.Lima@allient.com
SESTOLTP128,2025-11-19T00:00:00,True,Tiago.Lima@allient.com
SESTOLTP139,2025-11-19T00:00:00,True,Tiago.Lima@allient.com
SESTODTP211,2025-11-19T00:00:00,True,Tiago.Lima@allient.com
SESTODTP212,2025-11-19T00:00:00,True,Tiago.Lima@allient.com
SESTODTP213,2025-11-20T00:00:00,True,Tiago.Lima@allient.com
SESTODTP141,2025-11-19T00:00:00,True,Tiago.Lima@allient.com
SESTODTP107,2025-11-19T00:00:00,True,Tiago.Lima@allient.com
SESTODTP108,2025-11-19T00:00:00,True,Tiago.Lima@allient.com
AM-DDC7LN3,2025-11-19T00:00:00,True,Tiago.Lima@allient.com
SESTODTP118,2025-11-19T00:00:00,True,Tiago.Lima@allient.com
SESTODTP120,2025-11-19T00:00:00,True,Tiago.Lima@allient.com
SESTODTP215,2025-11-20T00:00:00,True,Tiago.Lima@allient.com
SESTOTAB001,2025-11-19T00:00:00,True,Tiago.Lima@allient.com
AM-4YT0XT2,2025-11-20T00:00:00,True,Tiago.Lima@allient.com
AM-D5F81J3,2025-11-19T00:00:00,True,Tiago.Lima@allient.com
AM-C948J84,2025-11-19T00:00:00,True,Tiago.Lima@allient.com
SESTODTP0029,2025-11-19T00:00:00,True,Tiago.Lima@allient.com
SESTODTP197,2025-11-19T00:00:00,True,Tiago.Lima@allient.com
SESTODTP208,2025-11-20T00:00:00,True,Tiago.Lima@allient.com
SESTODTP209,2025-11-19T00:00:00,True,Tiago.Lima@allient.com
SESTOLTP098,2025-11-19T00:00:00,True,Tiago.Lima@allient.com
SESTODTP052,2025-11-19T00:00:00,True,Tiago.Lima@allient.com
SESTODTP167,2025-11-19T00:00:00,True,Tiago.Lima@allient.com
SESTODTP182,2025-11-19T00:00:00,True,Tiago.Lima@allient.com
SESTODTP168,2025-11-19T00:00:00,True,Tiago.Lima@allient.com
SESTOLTP012,2025-11-19T00:00:00,True,Tiago.Lima@allient.com
SESTOLTP127,2025-11-20T00:00:00,True,Tiago.Lima@allient.com
SESTOLTP117,2025-11-20T00:00:00,True,Tiago.Lima@allient.com
SESTOLTP109,2025-11-20T00:00:00,True,Tiago.Lima@allient.com
SESTOLTP221,2025-11-19T00:00:00,True,Tiago.Lima@allient.com
SESTOLTP064,2025-11-19T00:00:00,True,Tiago.Lima@allient.com
SESTOLTP148,2025-11-19T00:00:00,True,Tiago.Lima@allient.com
SESTODTP216,2025-11-20T00:00:00,True,Tiago.Lima@allient.com
SESTOLTP220,2025-11-19T00:00:00,True,Tiago.Lima@allient.com
AM-D948J84,2025-11-19T00:00:00,True,Tiago.Lima@allient.com
AM-30DXKR3,2025-11-19T00:00:00,True,Tiago.Lima@allient.com
AM-3FM5JR3,2025-11-19T00:00:00,True,Tiago.Lima@allient.com
AM-3GM5JR3,2025-11-19T00:00:00,True,Tiago.Lima@allient.com
AM-8NPXKR3,2025-11-19T00:00:00,True,Tiago.Lima@allient.com
AM-9VS5JR3,2025-11-19T00:00:00,True,Tiago.Lima@allient.com
AM-BFDJSQ3,2025-11-19T00:00:00,True,Tiago.Lima@allient.com
AM-DW27RQ3,2025-11-19T00:00:00,True,Tiago.Lima@allient.com
AM-FDM5JR3,2025-11-19T00:00:00,True,Tiago.Lima@allient.com
AM-GXM7RQ3,2025-11-19T00:00:00,True,Tiago.Lima@allient.com
SESTODTP112,2025-11-19T00:00:00,True,Tiago.Lima@allient.com
SESTODTP142,2025-11-20T00:00:00,True,Tiago.Lima@allient.com
SESTODTP200,2025-11-19T00:00:00,True,Tiago.Lima@allient.com
SESTODTP059,2025-11-20T00:00:00,True,Tiago.Lima@allient.com
SESTODTP076,2025-11-19T00:00:00,True,Tiago.Lima@allient.com
SESTODTP156,2025-11-19T00:00:00,True,Tiago.Lima@allient.com
SESTODTP106,2025-11-19T00:00:00,True,Tiago.Lima@allient.com
SESTODTP184,2025-11-19T00:00:00,True,Tiago.Lima@allient.com
SESTODTP186,2025-11-19T00:00:00,True,Tiago.Lima@allient.com
SESTODTP178,2025-11-19T00:00:00,True,Tiago.Lima@allient.com
SESTODTP159,2025-11-19T00:00:00,True,Tiago.Lima@allient.com
SESTODTP157,2025-11-19T00:00:00,True,Tiago.Lima@allient.com
SESTODTP078,2025-11-19T00:00:00,True,Tiago.Lima@allient.com
SESTODTP145,2025-11-19T00:00:00,True,Tiago.Lima@allient.com
SESTODTP158,2025-11-19T00:00:00,True,Tiago.Lima@allient.com
SESTODTP110,2025-11-19T00:00:00,True,Tiago.Lima@allient.com
SESTOLTP002,2025-11-19T00:00:00,True,Tiago.Lima@allient.com
SESTOLTP045,2025-11-19T00:00:00,True,Tiago.Lima@allient.com
SESTODTP185,2025-11-19T00:00:00,True,Tiago.Lima@allient.com
SESTODTP155,2025-11-19T00:00:00,True,Tiago.Lima@allient.com
SESTODTP060,2025-11-19T00:00:00,True,Tiago.Lima@allient.com
SESTODTP164,2025-11-19T00:00:00,True,Tiago.Lima@allient.com
SESTODTP058,2025-11-19T00:00:00,True,Tiago.Lima@allient.com
SESTODTP183,2025-11-19T00:00:00,True,Tiago.Lima@allient.com
SESTOLTP006,2025-11-19T00:00:00,True,Tiago.Lima@allient.com
AM-CTZQ6D3,2025-11-20T00:00:00,True,Tiago.Lima@allient.com
AM-41D3LR3,2025-11-19T00:00:00,True,Tiago.Lima@allient.com
AM-JTB7GK3,2025-11-19T00:00:00,True,Tiago.Lima@allient.com
AM-1TPCCY3,2025-11-17T00:00:00,True,Tiago.Lima@allient.com
AM-1YKL574,2025-11-17T00:00:00,True,Tiago.Lima@allient.com
AM-2W7NH24,2025-11-17T00:00:00,True,Tiago.Lima@allient.com
AM-2X7NH24,2025-11-17T00:00:00,True,Tiago.Lima@allient.com
AM-3GWCCY3,2025-11-18T00:00:00,True,Tiago.Lima@allient.com
AM-4CCNH24,2025-11-17T00:00:00,True,Tiago.Lima@allient.com
AM-4DDWB54,2025-11-18T00:00:00,True,Tiago.Lima@allient.com
AM-4R38J64,2025-11-17T00:00:00,True,Tiago.Lima@allient.com
AM-5MWX724,2025-11-18T00:00:00,True,Tiago.Lima@allient.com
AM-66HNH24,2025-11-17T00:00:00,True,Tiago.Lima@allient.com
AM-6VPCCY3,2025-11-17T00:00:00,True,Tiago.Lima@allient.com
AM-6ZKL574,2025-11-17T00:00:00,True,Tiago.Lima@allient.com
AM-7TPCCY3,2025-11-17T00:00:00,True,Tiago.Lima@allient.com
AM-7YPCCY3,2025-11-17T00:00:00,True,Tiago.Lima@allient.com
AM-8W2BLX3,2025-11-17T00:00:00,True,Tiago.Lima@allient.com
AM-9TPCCY3,2025-11-17T00:00:00,True,Tiago.Lima@allient.com
AM-BDFY854,2025-11-17T00:00:00,True,Tiago.Lima@allient.com
AM-BFWCCY3,2025-11-17T00:00:00,True,Tiago.Lima@allient.com
AM-CK8JG24,2025-11-17T00:00:00,True,Tiago.Lima@allient.com
AM-FTP8FY3,2025-11-17T00:00:00,True,Tiago.Lima@allient.com
AM-FV7NH24,2025-11-17T00:00:00,True,Tiago.Lima@allient.com
AM-FX38J84,2025-11-18T00:00:00,True,Tiago.Lima@allient.com
AM-G0B7GC4,2025-11-17T00:00:00,True,Tiago.Lima@allient.com
AM-G55NH24,2025-11-17T00:00:00,True,Tiago.Lima@allient.com
AM-G6H6GC4,2025-11-17T00:00:00,True,Tiago.Lima@allient.com
AM-GW7NH24,2025-11-17T00:00:00,True,Tiago.Lima@allient.com
AM-GX38J84,2025-11-17T00:00:00,True,Tiago.Lima@allient.com
AM-H6H6GC4,2025-11-17T00:00:00,True,Tiago.Lima@allient.com
AM-HDR2C54,2025-11-17T00:00:00,True,Tiago.Lima@allient.com
AM-HQV8KN3,2025-11-17T00:00:00,True,Tiago.Lima@allient.com
AM-HX38J84,2025-11-17T00:00:00,True,Tiago.Lima@allient.com
AM-J6H6GC4,2025-11-17T00:00:00,True,Tiago.Lima@allient.com
AM-JMWWB54,2025-11-17T00:00:00,True,Tiago.Lima@allient.com
AM-JV7NH24,2025-11-17T00:00:00,True,Tiago.Lima@allient.com
AM-JXPCCY3,2025-11-18T00:00:00,True,Tiago.Lima@allient.com
AM-2V76LN3,2025-11-17T00:00:00,True,Tiago.Lima@allient.com
AM-1CL6QN3,2025-11-17T00:00:00,True,Tiago.Lima@allient.com
NLDORLTP092,2025-11-17T00:00:00,True,Tiago.Lima@allient.com
AM-1SP8FY3,2025-11-17T00:00:00,True,Tiago.Lima@allient.com
AM-1RV8KN3,2025-11-17T00:00:00,True,Tiago.Lima@allient.com
AM-99M5JR3,2025-11-17T00:00:00,True,Tiago.Lima@allient.com
AM-BB6K294,2025-11-17T00:00:00,True,Tiago.Lima@allient.com
AM-HVY4G33,2025-11-17T00:00:00,True,Tiago.Lima@allient.com
AM-GB6K294,2025-11-17T00:00:00,True,Tiago.Lima@allient.com
AM-59M5JR3,2025-11-17T00:00:00,True,Tiago.Lima@allient.com
NLDORLTP088,2025-11-17T00:00:00,True,Tiago.Lima@allient.com
AM-3YT6W34,2025-11-18T00:00:00,True,Tiago.Lima@allient.com
NLDORLTP094,2025-11-17T00:00:00,True,Tiago.Lima@allient.com
AM-15X7LR3,2025-11-18T00:00:00,True,Tiago.Lima@allient.com
AM-JQV8KN3,2025-11-17T00:00:00,True,Tiago.Lima@allient.com
NLDORDTP040,2025-11-17T00:00:00,True,Tiago.Lima@allient.com
AM-8Y8NH24,2025-11-17T00:00:00,True,Tiago.Lima@allient.com
NLDORDTP075,2025-11-17T00:00:00,True,Tiago.Lima@allient.com
NLDORDTP048,2025-11-17T00:00:00,True,Tiago.Lima@allient.com
AM-DX38J84,2025-11-17T00:00:00,True,Tiago.Lima@allient.com
NLDORDTP142,2025-11-17T00:00:00,True,Tiago.Lima@allient.com
NLDORDTP023,2025-11-17T00:00:00,True,Tiago.Lima@allient.com
AM-FFYM574,2025-11-17T00:00:00,True,Tiago.Lima@allient.com
AM-HFYM574,2025-11-17T00:00:00,True,Tiago.Lima@allient.com
NLDORDTP130,2025-11-17T00:00:00,True,Tiago.Lima@allient.com
NLDORDTP131,2025-11-17T00:00:00,True,Tiago.Lima@allient.com
NLDORDTP132,2025-11-17T00:00:00,True,Tiago.Lima@allient.com
NLDORDTP133,2025-11-17T00:00:00,True,Tiago.Lima@allient.com
NLDORDTP134,2025-11-17T00:00:00,True,Tiago.Lima@allient.com
NLDORDTP135,2025-11-17T00:00:00,True,Tiago.Lima@allient.com
NLDORDTP136,2025-11-17T00:00:00,True,Tiago.Lima@allient.com
NLDORDTP137,2025-11-17T00:00:00,True,Tiago.Lima@allient.com
NLDORDTP138,2025-11-17T00:00:00,True,Tiago.Lima@allient.com
NLDORDTP139,2025-11-17T00:00:00,True,Tiago.Lima@allient.com
NLDORDTP140,2025-11-17T00:00:00,True,Tiago.Lima@allient.com
NLDORDTP141,2025-11-17T00:00:00,True,Tiago.Lima@allient.com
NLDORDTP119,2025-11-18T00:00:00,True,Tiago.Lima@allient.com
NLDORDTP070,2025-11-17T00:00:00,True,Tiago.Lima@allient.com
NLDORDTP010,2025-11-17T00:00:00,True,Tiago.Lima@allient.com
AM-0F3QHCK25203M4,2025-11-17T00:00:00,True,Tiago.Lima@allient.com
NLDORDTP059,2025-11-17T00:00:00,True,Tiago.Lima@allient.com
AM-84FQ793,2025-11-17T00:00:00,True,Tiago.Lima@allient.com
NLDORDTP108,2025-11-18T00:00:00,True,Tiago.Lima@allient.com
AM-19M5JR3,2025-11-17T00:00:00,True,Tiago.Lima@allient.com
NLDORTAB123,2025-11-17T00:00:00,True,Tiago.Lima@allient.com
AM-C43NH24,2025-11-17T00:00:00,True,Tiago.Lima@allient.com
AM-8WS4JR3,2025-11-17T00:00:00,True,Tiago.Lima@allient.com
AM-F9M5JR3,2025-11-17T00:00:00,True,Tiago.Lima@allient.com
AM-5F55JR3,2025-11-17T00:00:00,True,Tiago.Lima@allient.com
NLDORDTP086,2025-11-17T00:00:00,True,Tiago.Lima@allient.com
AM-53T4JR3,2025-11-17T00:00:00,True,Tiago.Lima@allient.com
AM-GMGS6G3,2025-11-17T00:00:00,True,Tiago.Lima@allient.com
NLDORDTP079,2025-11-17T00:00:00,True,Tiago.Lima@allient.com
NLDORDTP078,2025-11-17T00:00:00,True,Tiago.Lima@allient.com
NLDORDTP118,2025-11-18T00:00:00,True,Tiago.Lima@allient.com
AM-25169D81AD,2025-11-17T00:00:00,True,Tiago.Lima@allient.com
AM-1ZK7T63,2025-11-17T00:00:00,True,Tiago.Lima@allient.com
AM-442GRJ3,2025-11-17T00:00:00,True,Tiago.Lima@allient.com
AM-FQV8KN3,2025-11-17T00:00:00,True,Tiago.Lima@allient.com
AM-GQV8KN3,2025-11-17T00:00:00,True,Tiago.Lima@allient.com
AM-FZR6BW3,2025-11-17T00:00:00,True,Tiago.Lima@allient.com
AM-8HHQHW3,2025-11-17T00:00:00,True,Tiago.Lima@allient.com
AM-BNR4HW3,2025-11-17T00:00:00,True,Tiago.Lima@allient.com
AM-8VZCHW3,2025-11-17T00:00:00,True,Tiago.Lima@allient.com
AM-7WZCHW3,2025-11-17T00:00:00,True,Tiago.Lima@allient.com
AM-9ML5HW3,2025-11-18T00:00:00,True,Tiago.Lima@allient.com
AM-1YHQHW3,2025-11-17T00:00:00,True,Tiago.Lima@allient.com
AM-FWZCHW3,2025-11-17T00:00:00,True,Tiago.Lima@allient.com
AM-GYKMH24,2025-11-17T00:00:00,True,Tiago.Lima@allient.com
AM-13X9284,2025-11-24T00:00:00,True,Carl.Wang@allient.com
AM-1ZQ9284,2025-11-25T00:00:00,True,Carl.Wang@allient.com
AM-2ZLCJB4,2025-11-25T00:00:00,True,Carl.Wang@allient.com
AM-45X9284,2025-11-24T00:00:00,True,Carl.Wang@allient.com
AM-48X9284,2025-11-25T00:00:00,True,Carl.Wang@allient.com
AM-4NMCJB4,2025-11-25T00:00:00,True,Carl.Wang@allient.com
AM-4YLCJB4,2025-11-25T00:00:00,True,Carl.Wang@allient.com
AM-5YLCJB4,2025-11-25T00:00:00,True,Carl.Wang@allient.com
AM-5ZQ9284,2025-11-24T00:00:00,True,Carl.Wang@allient.com
AM-7DLB284,2025-11-24T00:00:00,True,Carl.Wang@allient.com
AM-7K58NC4,2025-11-24T00:00:00,True,Carl.Wang@allient.com
AM-7M2B284,2025-11-24T00:00:00,True,Carl.Wang@allient.com
AM-7XLCJB4,2025-11-25T00:00:00,True,Carl.Wang@allient.com
AM-7YQ9284,2025-11-26T00:00:00,True,Carl.Wang@allient.com
AM-8K58NC4,2025-11-24T00:00:00,True,Carl.Wang@allient.com
AM-9K58NC4,2025-11-25T00:00:00,True,Carl.Wang@allient.com
AM-B4X9284,2025-11-24T00:00:00,True,Carl.Wang@allient.com
AM-BK2B284,2025-11-25T00:00:00,True,Carl.Wang@allient.com
AM-BK58NC4,2025-11-24T00:00:00,True,Carl.Wang@allient.com
AM-BZLCJB4,2025-11-25T00:00:00,True,Carl.Wang@allient.com
AM-CK58NC4,2025-11-24T00:00:00,True,Carl.Wang@allient.com
AM-CL2B284,2025-11-24T00:00:00,True,Carl.Wang@allient.com
AM-CXQ9284,2025-11-25T00:00:00,True,Carl.Wang@allient.com
AM-CYLCJB4,2025-11-25T00:00:00,True,Carl.Wang@allient.com
AM-CZLCJB4,2025-11-25T00:00:00,True,Carl.Wang@allient.com
AM-DK58NC4,2025-11-25T00:00:00,True,Carl.Wang@allient.com
AM-DYLCJB4,2025-11-25T00:00:00,True,Carl.Wang@allient.com
AM-F3X9284,2025-11-24T00:00:00,True,Carl.Wang@allient.com
AM-F7X9284,2025-11-24T00:00:00,True,Carl.Wang@allient.com
AM-FJ2B284,2025-11-25T00:00:00,True,Carl.Wang@allient.com
AM-FK58NC4,2025-11-25T00:00:00,True,Carl.Wang@allient.com
AM-GK2B284,2025-11-24T00:00:00,True,Carl.Wang@allient.com
AM-GZLCJB4,2025-11-25T00:00:00,True,Carl.Wang@allient.com
AM-H6X9284,2025-11-24T00:00:00,True,Carl.Wang@allient.com
AM-HYLCJB4,2025-11-25T00:00:00,True,Carl.Wang@allient.com
AM-JWLCJB4,2025-11-25T00:00:00,True,Carl.Wang@allient.com
AM-JZLCJB4,2025-11-25T00:00:00,True,Carl.Wang@allient.com
CNSUZLTPSURFACE,2025-11-25T00:00:00,True,Carl.Wang@allient.com
CNSUZDTP062,2025-11-25T00:00:00,True,Carl.Wang@allient.com
AM-11R9284,2025-11-25T00:00:00,True,Carl.Wang@allient.com
AM-HXLCJB4,2025-11-25T00:00:00,True,Carl.Wang@allient.com
AM-JYLCJB4,2025-11-25T00:00:00,True,Carl.Wang@allient.com
AM-H5X9284,2025-11-24T00:00:00,True,Carl.Wang@allient.com
AM-2P58NC4,2025-11-24T00:00:00,True,Carl.Wang@allient.com
AM-5W1W4X3,2025-11-24T00:00:00,True,Carl.Wang@allient.com
AM-3P58NC4,2025-11-25T00:00:00,True,Carl.Wang@allient.com
CNSUZDTP075,2025-11-25T00:00:00,True,Carl.Wang@allient.com
CNSUZDTP077,2025-11-25T00:00:00,True,Carl.Wang@allient.com
CNSUZDTP076,2025-11-25T00:00:00,True,Carl.Wang@allient.com
CNSUZDTP132,2025-12-22T00:00:00,True,Carl.Wang@allient.com
CNSUZDTP119,2025-11-24T00:00:00,True,Carl.Wang@allient.com
CNSUZDTP118,2025-11-24T00:00:00,True,Carl.Wang@allient.com
CNSUZDTP082,2025-12-22T00:00:00,True,Carl.Wang@allient.com
CNSUZDTP065,2025-11-25T00:00:00,True,Carl.Wang@allient.com
CNSUZDTP129,2025-12-22T00:00:00,True,Carl.Wang@allient.com
CNSUZDTP117,2025-12-22T00:00:00,True,Carl.Wang@allient.com
CNSUZDTP106,2025-12-22T00:00:00,True,Carl.Wang@allient.com
CNSUZDTP128,2025-12-22T00:00:00,True,Carl.Wang@allient.com
CNSUZDTP105,2025-12-22T00:00:00,True,Carl.Wang@allient.com
CNSUZDTP104,2025-12-22T00:00:00,True,Carl.Wang@allient.com
CNSUZDTP131,2025-12-22T00:00:00,True,Carl.Wang@allient.com
CNSUZDTP091,2025-12-22T00:00:00,True,Carl.Wang@allient.com
CNSUZDTP092,2025-12-22T00:00:00,True,Carl.Wang@allient.com
CNSUZDTP124,2025-12-22T00:00:00,True,Carl.Wang@allient.com
CNSUZDTP130,2025-11-25T00:00:00,True,Carl.Wang@allient.com
CNSUZDTP096,2025-12-22T00:00:00,True,Carl.Wang@allient.com
CNSUZDTP090,2025-12-22T00:00:00,True,Carl.Wang@allient.com
CNSUZDTP088,2025-12-22T00:00:00,True,Carl.Wang@allient.com
CNSUZDTP080,2025-12-22T00:00:00,True,Carl.Wang@allient.com
CNSUZDTP063,2025-11-25T00:00:00,True,Carl.Wang@allient.com
CNSUZDTP059,2025-11-25T00:00:00,True,Carl.Wang@allient.com
CNSUZDTP061,2025-11-25T00:00:00,True,Carl.Wang@allient.com
CNSUZDTP071,2025-11-25T00:00:00,True,Carl.Wang@allient.com
CNSUZDTP064,2025-11-25T00:00:00,True,Carl.Wang@allient.com
CNSUZDTP069,2025-11-25T00:00:00,True,Carl.Wang@allient.com
CNSUZDTP067,2025-11-25T00:00:00,True,Carl.Wang@allient.com
CNSUZDTP068,2025-11-25T00:00:00,True,Carl.Wang@allient.com
CNSUZDTP074,2025-11-25T00:00:00,True,Carl.Wang@allient.com
CNSUZDTP060,2025-11-25T00:00:00,True,Carl.Wang@allient.com
CNSUZDTP073,2025-11-25T00:00:00,True,Carl.Wang@allient.com
CNSUZDTP066,2025-11-25T00:00:00,True,Carl.Wang@allient.com
AM-2TJV4X3,2025-11-24T00:00:00,True,Carl.Wang@allient.com
CNSUZDTP089,2025-12-22T00:00:00,True,Carl.Wang@allient.com
CNSUZDTP083,2025-12-22T00:00:00,True,Carl.Wang@allient.com
CNSUZDTP085,2025-11-24T00:00:00,True,Carl.Wang@allient.com
CNSUZDTP084,2025-11-24T00:00:00,True,Carl.Wang@allient.com
CNSUZDTP121,2025-12-22T00:00:00,True,Carl.Wang@allient.com
AM-HFNPM24323000601,2026-02-02T00:00:00,True,Jian.Yao@allient.com
AM-8DXLLX3,2026-02-02T00:00:00,True,Jian.Yao@allient.com
AM-63KRHL3,2026-02-02T00:00:00,True,Jian.Yao@allient.com
AM-F0PQGG3,2026-02-02T00:00:00,True,Jian.Yao@allient.com
AM-JHYBHK3,2026-02-02T00:00:00,True,Jian.Yao@allient.com
AM-JBNT893,2026-02-02T00:00:00,True,Jian.Yao@allient.com
CNCZXDTP030,2026-02-02T00:00:00,True,Jian.Yao@allient.com
AM-3ZB7214,2026-02-02T00:00:00,True,Jian.Yao@allient.com
CNCZXDTP034,2026-02-02T00:00:00,True,Jian.Yao@allient.com
CNCZXDTP011,2026-02-02T00:00:00,True,Jian.Yao@allient.com
AM-HJX0DJ3,2026-02-02T00:00:00,True,Jian.Yao@allient.com
AM-1YTLVB4,2026-02-02T00:00:00,True,Jian.Yao@allient.com
AM-2YTLVB4,2026-02-02T00:00:00,True,Jian.Yao@allient.com
AM-3YTLVB4,2026-02-02T00:00:00,True,Jian.Yao@allient.com
AM-54WF944,2026-02-02T00:00:00,True,Jian.Yao@allient.com
AM-5HSYVB4,2026-02-02T00:00:00,True,Jian.Yao@allient.com
AM-8L1R4C4,2026-02-02T00:00:00,True,Jian.Yao@allient.com
AM-9L1R4C4,2026-02-02T00:00:00,True,Jian.Yao@allient.com
AM-B24625800818,2026-02-02T00:00:00,True,Jian.Yao@allient.com
AM-B24702800952,2026-02-02T00:00:00,True,Jian.Yao@allient.com
AM-BB43M44,2026-02-02T00:00:00,True,Jian.Yao@allient.com
AM-BH43M44,2026-02-02T00:00:00,True,Jian.Yao@allient.com
AM-BL1R4C4,2026-02-02T00:00:00,True,Jian.Yao@allient.com
AM-D7WF944,2026-02-02T00:00:00,True,Jian.Yao@allient.com
AM-DC43M44,2026-02-02T00:00:00,True,Jian.Yao@allient.com
AM-FXTLVB4,2026-02-02T00:00:00,True,Jian.Yao@allient.com
AM-G6WF944,2026-02-02T00:00:00,True,Jian.Yao@allient.com
AM-GT4R4C4,2026-02-02T00:00:00,True,Jian.Yao@allient.com
AM-GXTLVB4,2026-02-02T00:00:00,True,Jian.Yao@allient.com
AM-HXTLVB4,2026-02-02T00:00:00,True,Jian.Yao@allient.com
AM-JT4R4C4,2026-02-02T00:00:00,True,Jian.Yao@allient.com
AM-JXTLVB4,2026-02-02T00:00:00,True,Jian.Yao@allient.com
AM-JZB7214,2026-02-02T00:00:00,True,Jian.Yao@allient.com
AM-49V77D3,2025-11-17T00:00:00,True,Tiago.Lima@allient.com
AM-1T57GC4,2025-11-19T00:00:00,True,Tiago.Lima@allient.com
AM-1WJ6GC4,2025-11-19T00:00:00,True,Tiago.Lima@allient.com
AM-2T57GC4,2025-11-19T00:00:00,True,Tiago.Lima@allient.com
AM-2WJ6GC4,2025-11-19T00:00:00,True,Tiago.Lima@allient.com
AM-2Z2NH24,2025-11-19T00:00:00,True,Tiago.Lima@allient.com
AM-3T57GC4,2025-11-19T00:00:00,True,Tiago.Lima@allient.com
AM-3WJ6GC4,2025-11-19T00:00:00,True,Tiago.Lima@allient.com
AM-3XL9GG4,2025-11-19T00:00:00,True,Tiago.Lima@allient.com
AM-4T57GC4,2025-11-19T00:00:00,True,Tiago.Lima@allient.com
AM-4WJ6GC4,2025-11-19T00:00:00,True,Tiago.Lima@allient.com
AM-5T57GC4,2025-11-19T00:00:00,True,Tiago.Lima@allient.com
AM-6T57GC4,2025-11-19T00:00:00,True,Tiago.Lima@allient.com
AM-7T57GC4,2025-11-19T00:00:00,True,Tiago.Lima@allient.com
AM-8CC13306XG,2025-11-19T00:00:00,True,Tiago.Lima@allient.com
AM-8T57GC4,2025-11-19T00:00:00,True,Tiago.Lima@allient.com
AM-CR37LN3,2025-11-19T00:00:00,True,Tiago.Lima@allient.com
AM-F2JJ6F4,2026-04-13T00:00:00,True,Salih.Jasim@allient.com
AM-GPC8LD4,2025-11-19T00:00:00,True,Tiago.Lima@allient.com
AM-HS57GC4,2025-11-19T00:00:00,True,Tiago.Lima@allient.com
AM-J7H6GC4,2025-11-19T00:00:00,True,Tiago.Lima@allient.com
AM-JS57GC4,2025-11-19T00:00:00,True,Tiago.Lima@allient.com
PTOPODTP145,2025-11-19T00:00:00,True,Tiago.Lima@allient.com
PTOPODTP229,2025-11-19T00:00:00,True,Tiago.Lima@allient.com
PTOPOLTP240,2025-11-19T00:00:00,True,Tiago.Lima@allient.com
AM-8M2BLX3,2025-11-20T00:00:00,True,Tiago.Lima@allient.com
SESTODTP223,2025-11-20T00:00:00,True,Tiago.Lima@allient.com
SESTODTP224,2025-11-20T00:00:00,True,Tiago.Lima@allient.com
SESTOLTP223,2025-11-20T00:00:00,True,Tiago.Lima@allient.com
SESTOLTP224,2025-11-20T00:00:00,True,Tiago.Lima@allient.com
AM-013251292651,2026-03-24T00:00:00,True,molly.gillum@allient.com
AM-11LKKS3,2026-03-23T00:00:00,True,molly.gillum@allient.com
AM-2G4LT74,2026-03-23T00:00:00,True,molly.gillum@allient.com
AM-2WPM8Z3,2026-03-24T00:00:00,True,molly.gillum@allient.com
AM-2X28LY3,2026-03-23T00:00:00,True,molly.gillum@allient.com
AM-32XC094,2026-03-23T00:00:00,True,molly.gillum@allient.com
AM-33TQ624223BF,2026-03-24T00:00:00,True,molly.gillum@allient.com
AM-3K1PDY3,2026-03-24T00:00:00,True,molly.gillum@allient.com
AM-3L25724,2026-05-22T00:00:00,True,molly.gillum@allient.com
AM-3NWF5Y3,2026-03-23T00:00:00,True,molly.gillum@allient.com
AM-3RPNND3,2026-05-22T00:00:00,True,molly.gillum@allient.com
AM-4F8CGS3,2026-03-23T00:00:00,True,molly.gillum@allient.com
AM-4JHNH54,2026-03-23T00:00:00,True,molly.gillum@allient.com
AM-4Y8VW34,2026-03-24T00:00:00,True,molly.gillum@allient.com
AM-4YJ2144,2026-03-23T00:00:00,True,molly.gillum@allient.com
AM-52XC094,2026-03-23T00:00:00,True,molly.gillum@allient.com
AM-5QLS6G4,2026-03-23T00:00:00,True,molly.gillum@allient.com
AM-5VQC3D4,2026-03-23T00:00:00,True,molly.gillum@allient.com
AM-5YJ2144,2026-03-24T00:00:00,True,molly.gillum@allient.com
AM-64FPTV3,2026-03-23T00:00:00,True,molly.gillum@allient.com
AM-64XC094,2026-03-23T00:00:00,True,molly.gillum@allient.com
AM-6PD7JS3,2026-03-23T00:00:00,True,molly.gillum@allient.com
AM-74TR824,2026-03-23T00:00:00,True,molly.gillum@allient.com
AM-7RH8DY3,2026-03-24T00:00:00,True,molly.gillum@allient.com
AM-7TKCQ04,2026-04-24T00:00:00,True,Matt.Shanks@allient.com
AM-83Y9GH4,2026-03-23T00:00:00,True,molly.gillum@allient.com
AM-84HGGT3,2026-03-23T00:00:00,True,molly.gillum@allient.com
AM-874DKS3,2026-03-23T00:00:00,True,molly.gillum@allient.com
AM-8FZ7D14,2026-03-23T00:00:00,True,molly.gillum@allient.com
AM-8G03ZW3,2026-05-22T00:00:00,True,molly.gillum@allient.com
AM-8JXQKY3,2026-05-22T00:00:00,True,molly.gillum@allient.com
AM-8Z8VW34,2026-03-23T00:00:00,True,molly.gillum@allient.com
AM-90D48F4,2026-05-06T00:00:00,True,molly.gillum@allient.com
AM-94J5T44,2026-03-23T00:00:00,True,molly.gillum@allient.com
AM-9710FB4,2026-03-23T00:00:00,True,molly.gillum@allient.com
AM-9PP1ZW3,2026-03-23T00:00:00,True,molly.gillum@allient.com
AM-9XX9Q04,2026-03-23T00:00:00,True,molly.gillum@allient.com
AM-9YJ2144,2026-03-23T00:00:00,True,molly.gillum@allient.com
AM-B49VW34,2026-03-24T00:00:00,True,molly.gillum@allient.com
AM-B60NND3,2026-05-22T00:00:00,True,molly.gillum@allient.com
AM-BTTYD14,2026-05-22T00:00:00,True,molly.gillum@allient.com
AM-BW13JS3,2026-03-23T00:00:00,True,molly.gillum@allient.com
AM-C2FNPD4,2026-03-23T00:00:00,True,molly.gillum@allient.com
AM-C84HXH4,2026-03-23T00:00:00,True,molly.gillum@allient.com
AM-CPLS6G4,2026-03-23T00:00:00,True,molly.gillum@allient.com
AM-CY5R424,2026-05-22T00:00:00,True,molly.gillum@allient.com
AM-CYGFLY3,2026-03-23T00:00:00,True,molly.gillum@allient.com
AM-CZ6R424,2026-03-24T00:00:00,True,molly.gillum@allient.com
AM-DG6PKS3,2026-03-23T00:00:00,True,molly.gillum@allient.com
AM-DXPTW34,2026-04-24T00:00:00,True,Matt.Shanks@allient.com
AM-DYFJND3,2026-05-22T00:00:00,True,molly.gillum@allient.com
AM-F29VW34,2026-03-24T00:00:00,True,molly.gillum@allient.com
AM-F30NND3,2026-05-22T00:00:00,True,molly.gillum@allient.com
AM-FDJ5T44,2026-03-23T00:00:00,True,molly.gillum@allient.com
AM-FQKCQ04,2026-03-24T00:00:00,True,molly.gillum@allient.com
AM-G40NND3,2026-03-23T00:00:00,True,molly.gillum@allient.com
AM-GBGY144,2026-03-23T00:00:00,True,molly.gillum@allient.com
AM-GWKJ184,2026-04-24T00:00:00,True,Matt.Shanks@allient.com
AM-GWL2L44,2026-03-23T00:00:00,True,molly.gillum@allient.com
AM-H30NND3,2026-03-23T00:00:00,True,molly.gillum@allient.com
AM-HYJ2144,2026-03-23T00:00:00,True,molly.gillum@allient.com
AM-J39VW34,2026-03-23T00:00:00,True,molly.gillum@allient.com
AM-JL13ND4,2026-03-23T00:00:00,True,molly.gillum@allient.com
AM-JT4D6X3,2026-03-23T00:00:00,True,molly.gillum@allient.com
AM-JXQJCW3,2026-03-23T00:00:00,True,molly.gillum@allient.com
DLA01813,2026-05-22T00:00:00,True,molly.gillum@allient.com
DLA01832,2026-05-26T00:00:00,True,molly.gillum@allient.com
DLA01851,2026-03-24T00:00:00,True,molly.gillum@allient.com
DLA01859,2026-03-23T00:00:00,True,molly.gillum@allient.com
DLA01873,2026-03-24T00:00:00,True,molly.gillum@allient.com
DLA01891,2026-03-23T00:00:00,True,molly.gillum@allient.com
DLA01902,2026-05-22T00:00:00,True,molly.gillum@allient.com
DLA01903,2026-03-23T00:00:00,True,molly.gillum@allient.com
DLA01904,2026-03-24T00:00:00,True,molly.gillum@allient.com
DLA01905,2026-05-22T00:00:00,True,molly.gillum@allient.com
DLA01926,2026-05-26T00:00:00,True,molly.gillum@allient.com
DLA01929,2026-05-22T00:00:00,True,molly.gillum@allient.com
DLA01942,2026-03-24T00:00:00,True,molly.gillum@allient.com
DLA01952,2026-03-24T00:00:00,True,molly.gillum@allient.com
DLA01953,2026-03-23T00:00:00,True,molly.gillum@allient.com
DLA01954,2026-05-22T00:00:00,True,molly.gillum@allient.com
DLA01957,2026-03-23T00:00:00,True,molly.gillum@allient.com
DLA01965,2026-03-23T00:00:00,True,molly.gillum@allient.com
DLA01973,2026-05-22T00:00:00,True,molly.gillum@allient.com
DLA01983,2026-05-22T00:00:00,True,molly.gillum@allient.com
DLA02011,2026-05-22T00:00:00,True,molly.gillum@allient.com
DLA02017,2026-05-22T00:00:00,True,molly.gillum@allient.com
DLA02023,2026-03-23T00:00:00,True,molly.gillum@allient.com
DLA02042,2026-03-24T00:00:00,True,molly.gillum@allient.com
DLA02046,2026-03-24T00:00:00,True,molly.gillum@allient.com
DLA02059,2026-05-22T00:00:00,True,molly.gillum@allient.com
DLA02108,2026-03-24T00:00:00,True,molly.gillum@allient.com
DLA02111,2026-03-24T00:00:00,True,molly.gillum@allient.com
DLA02112,2026-03-23T00:00:00,True,molly.gillum@allient.com
DLA02114,2026-03-23T00:00:00,True,molly.gillum@allient.com
DLA02119,2026-03-24T00:00:00,True,molly.gillum@allient.com
DLA02146,2026-03-23T00:00:00,True,molly.gillum@allient.com
DLA02162,2026-03-23T00:00:00,True,molly.gillum@allient.com
DLA02167,2026-03-23T00:00:00,True,molly.gillum@allient.com
DLA02187-B,2026-03-24T00:00:00,True,molly.gillum@allient.com
DLA02218,2026-03-23T00:00:00,True,molly.gillum@allient.com
DLA02226-A,2026-03-24T00:00:00,True,molly.gillum@allient.com
DLA02226-B,2026-03-23T00:00:00,True,molly.gillum@allient.com
DLA02227-A,2026-03-24T00:00:00,True,molly.gillum@allient.com
DLA02362-A,2026-03-23T00:00:00,True,molly.gillum@allient.com
DLA02385-A,2026-03-23T00:00:00,True,molly.gillum@allient.com
DLA02390,2026-05-22T00:00:00,True,molly.gillum@allient.com
USDHNDTP019,2026-03-24T00:00:00,True,molly.gillum@allient.com
AM-FN2FRY3,2026-03-23T00:00:00,True,molly.gillum@allient.com
AM-00PFZ23373BF,2026-05-20T00:00:00,True,molly.gillum@allient.com
AM-00PGU23373BF,2026-05-20T00:00:00,True,molly.gillum@allient.com
AM-00PHJ23373BF,2026-05-20T00:00:00,True,molly.gillum@allient.com
AM-00PJV23373BF,2026-05-20T00:00:00,True,molly.gillum@allient.com
AM-33YQF23433BF,2026-05-20T00:00:00,True,molly.gillum@allient.com
AM-00XLT23193BF,2026-05-20T00:00:00,True,molly.gillum@allient.com
AM-33YPW23433BF,2026-05-20T00:00:00,True,molly.gillum@allient.com
AM-33YQR23433BF,2026-05-20T00:00:00,True,molly.gillum@allient.com
AM-33YRJ23433BF,2026-05-20T00:00:00,True,molly.gillum@allient.com
AM-34BM323523BF,2026-05-20T00:00:00,True,molly.gillum@allient.com
AM-34BTQ23523BF,2026-03-24T00:00:00,True,molly.gillum@allient.com
AM-34BXF23523BF,2026-05-20T00:00:00,True,molly.gillum@allient.com
AM-34BXQ23523BF,2026-05-20T00:00:00,True,molly.gillum@allient.com
AM-34BYW23523BF,2026-05-20T00:00:00,True,molly.gillum@allient.com
AM-34C6K23523BF,2026-05-20T00:00:00,True,molly.gillum@allient.com
AM-28QMK44,2026-03-23T00:00:00,True,molly.gillum@allient.com
AM-FQ25724,2026-03-23T00:00:00,True,molly.gillum@allient.com
AM-9ZTS144,2026-03-23T00:00:00,True,molly.gillum@allient.com
AM-8XL2L44,2026-03-24T00:00:00,True,molly.gillum@allient.com
AM-2D0GH84,2026-04-13T00:00:00,True,Salih.Jasim@allient.com
AM-3PLC8H4,2026-04-13T00:00:00,True,Salih.Jasim@allient.com
AM-40SK384,2026-04-13T00:00:00,True,Salih.Jasim@allient.com
AM-4X4GH84,2026-04-13T00:00:00,True,Salih.Jasim@allient.com
AM-5QWQW74,2026-04-13T00:00:00,True,Salih.Jasim@allient.com
AM-7PRK384,2026-04-28T00:00:00,True,Salih.Jasim@allient.com
AM-7Q0JYB4,2026-04-13T00:00:00,True,Salih.Jasim@allient.com
AM-7QWQW74,2026-04-13T00:00:00,True,Salih.Jasim@allient.com
AM-7SXHYB4,2026-04-13T00:00:00,True,Salih.Jasim@allient.com
AM-8Q0JYB4,2026-04-13T00:00:00,True,Salih.Jasim@allient.com
AM-9K3QDC4,2026-04-13T00:00:00,True,Salih.Jasim@allient.com
AM-BYVHYB4,2026-04-13T00:00:00,True,Salih.Jasim@allient.com
AM-FW4GH84,2026-04-13T00:00:00,True,Salih.Jasim@allient.com
AM-4QWQW74,2026-04-13T00:00:00,True,Salih.Jasim@allient.com
AM-6Q0JYB4,2026-04-14T00:00:00,True,Salih.Jasim@allient.com
AM-C6YXSV3,2026-04-14T00:00:00,True,Salih.Jasim@allient.com
NZCHCLTP050,2026-05-15T00:00:00,True,Salih.Jasim@allient.com
AM-CYVHYB4,2026-04-13T00:00:00,True,Salih.Jasim@allient.com
AM-9YVHYB4,2026-04-14T00:00:00,True,Salih.Jasim@allient.com
AM-F4HV2FYD7N,2026-04-13T00:00:00,True,Salih.Jasim@allient.com
NZCH2603,2026-05-15T00:00:00,True,Salih.Jasim@allient.com
AM-37YQW74,2026-04-13T00:00:00,True,Salih.Jasim@allient.com
AM-47YQW74,2026-04-13T00:00:00,True,Salih.Jasim@allient.com
AM-27YQW74,2026-04-13T00:00:00,True,Salih.Jasim@allient.com
NZCHCDTP046,2026-05-15T00:00:00,True,Salih.Jasim@allient.com
AM-3CMXQ14,2026-04-13T00:00:00,True,Salih.Jasim@allient.com
AM-GF7XNH4,2026-04-14T00:00:00,True,Salih.Jasim@allient.com
AM-HF7XNH4,2026-04-14T00:00:00,True,Salih.Jasim@allient.com
AM-JF7XNH4,2026-04-13T00:00:00,True,Salih.Jasim@allient.com
AM-7Y4GH84,2026-04-16T00:00:00,True,Salih.Jasim@allient.com
AM-9QWQW74,2026-04-13T00:00:00,True,Salih.Jasim@allient.com
AM-BQWQW74,2026-04-13T00:00:00,True,Salih.Jasim@allient.com
AM-6QWQW74,2026-04-13T00:00:00,True,Salih.Jasim@allient.com
AM-U-8QWQW74,2026-04-13T00:00:00,True,Salih.Jasim@allient.com
AM-8QWQW74,2026-04-13T00:00:00,True,Salih.Jasim@allient.com
AM-U-5Q0JYB4,2026-04-13T00:00:00,True,Salih.Jasim@allient.com
AM-4Q0JYB4,2026-04-13T00:00:00,True,Salih.Jasim@allient.com
AM-5Q0JYB4,2026-04-13T00:00:00,True,Salih.Jasim@allient.com
NZCH2514,2026-05-15T00:00:00,True,Salih.Jasim@allient.com
cislave6,2026-05-05T00:00:00,True,Salih.Jasim@allient.com
AM-D2JJ6F4,2026-04-13T00:00:00,True,Salih.Jasim@allient.com
AM-FPKC8H4,2026-04-13T00:00:00,True,Salih.Jasim@allient.com
AM-JW5W0J4,2026-04-13T00:00:00,True,Salih.Jasim@allient.com
AM-BQJY0J4,2026-04-23T00:00:00,True,Salih.Jasim@allient.com
AM-13JJ6F4,2026-04-13T00:00:00,True,Salih.Jasim@allient.com
AM-H2JJ6F4,2026-04-13T00:00:00,True,Salih.Jasim@allient.com
AM-G2JJ6F4,2026-04-13T00:00:00,True,Salih.Jasim@allient.com
AM-J2JJ6F4,2026-04-28T00:00:00,True,Salih.Jasim@allient.com
NZCHCDTP128,2026-04-28T00:00:00,True,Salih.Jasim@allient.com
AM-U-CJ81733,2026-04-28T00:00:00,True,Salih.Jasim@allient.com
AM-U-3PLC8H4,2026-04-13T00:00:00,True,Salih.Jasim@allient.com
AM-U-G2JJ6F4,2026-04-13T00:00:00,True,Salih.Jasim@allient.com
AM-U-2PLC8H4,2026-04-16T00:00:00,True,Salih.Jasim@allient.com
NZCHCLTP265,2026-04-13T00:00:00,True,Salih.Jasim@allient.com
AM-U-H5X3ZD3,2026-04-16T00:00:00,True,Salih.Jasim@allient.com
NZCHCLTP260,2026-04-13T00:00:00,True,Salih.Jasim@allient.com
NZCHCLTP267,2026-05-05T00:00:00,True,Salih.Jasim@allient.com
NZCHCLTP274,2026-04-13T00:00:00,True,Salih.Jasim@allient.com
AM-HSR5FY3,2026-04-13T00:00:00,True,Salih.Jasim@allient.com
NZCHCLTP137,2026-04-28T00:00:00,True,Salih.Jasim@allient.com
NZCH2265,2026-04-28T00:00:00,True,Salih.Jasim@allient.com
NZCHCLTP273,2026-04-13T00:00:00,True,Salih.Jasim@allient.com
NZCHCLTP113,2026-04-13T00:00:00,True,Salih.Jasim@allient.com
NZCHCDTP043,2026-04-29T00:00:00,True,Salih.Jasim@allient.com
NZCHCDTP283,2026-04-29T00:00:00,True,Salih.Jasim@allient.com
CHC-LET04,2026-04-28T00:00:00,True,Salih.Jasim@allient.com
CHC-LET03,2026-04-28T00:00:00,True,Salih.Jasim@allient.com
NZCHCDTP205,2026-04-28T00:00:00,True,Salih.Jasim@allient.com
AM-2G0GH84,2026-04-13T00:00:00,True,Salih.Jasim@allient.com
NZCHCDTP272,2026-04-29T00:00:00,True,Salih.Jasim@allient.com
AM-U-4Q0JYB4,2026-04-13T00:00:00,True,Salih.Jasim@allient.com
am-u-6qwqw74,2026-04-13T00:00:00,True,Salih.Jasim@allient.com
AM-U-F2JJ6F4,2026-04-13T00:00:00,True,Salih.Jasim@allient.com
linxdev,2026-05-15T00:00:00,True,Salih.Jasim@allient.com
nuc-slave-7,2026-04-16T00:00:00,True,Salih.Jasim@allient.com
nuc-slave-14,2026-04-16T00:00:00,True,Salih.Jasim@allient.com
nuc-slave-4,2026-04-16T00:00:00,True,Salih.Jasim@allient.com
nuc-slave-15,2026-04-16T00:00:00,True,Salih.Jasim@allient.com
nuc-slave-21,2026-04-16T00:00:00,True,Salih.Jasim@allient.com
nuc-slave-22,2026-04-16T00:00:00,True,Salih.Jasim@allient.com
nuc-slave-1,2026-04-28T00:00:00,True,Salih.Jasim@allient.com
nuc-slave-26,2026-04-28T00:00:00,True,Salih.Jasim@allient.com
NZCHCDTP022,2026-04-28T00:00:00,True,Salih.Jasim@allient.com
NZCHCDTP082,2026-04-28T00:00:00,True,Salih.Jasim@allient.com
NZCHCDTP083,2026-04-28T00:00:00,True,Salih.Jasim@allient.com
NZCHCDTP134,2026-04-29T00:00:00,True,Salih.Jasim@allient.com
NZCHCLTP011,2026-04-16T00:00:00,True,Salih.Jasim@allient.com
AM-8N57GX3,2026-04-28T00:00:00,True,Salih.Jasim@allient.com
AM-25BVHX3,2026-04-16T00:00:00,True,Salih.Jasim@allient.com
AM-GPXVDY3,2026-04-13T00:00:00,True,Salih.Jasim@allient.com
AM-75D5KX3,2026-04-13T00:00:00,True,Salih.Jasim@allient.com
AM-1MKCP04,2026-04-13T00:00:00,True,Salih.Jasim@allient.com
AM-JLKCP04,2026-04-13T00:00:00,True,Salih.Jasim@allient.com
AM-D1JCP04,2026-04-13T00:00:00,True,Salih.Jasim@allient.com
AM-FF1MH24,2026-04-13T00:00:00,True,Salih.Jasim@allient.com
NZCHCDTP013,2026-04-28T00:00:00,True,Salih.Jasim@allient.com
AM-7GSXQ14,2026-04-13T00:00:00,True,Salih.Jasim@allient.com
AM-95C3RV3,2026-04-14T00:00:00,True,Salih.Jasim@allient.com
AM-37HXHS3,2026-04-14T00:00:00,True,Salih.Jasim@allient.com
NZCHCDTP157,2026-04-29T00:00:00,True,Salih.Jasim@allient.com
nuc-slave-28,2026-04-16T00:00:00,True,Salih.Jasim@allient.com
nuc-slave-2,2026-04-28T00:00:00,True,Salih.Jasim@allient.com
nuc-slave-3,2026-04-28T00:00:00,True,Salih.Jasim@allient.com
nuc-slave-6,2026-05-07T00:00:00,True,Salih.Jasim@allient.com
nuc-slave-8,2026-04-28T00:00:00,True,Salih.Jasim@allient.com
nuc-slave-9,2026-04-28T00:00:00,True,Salih.Jasim@allient.com
nuc-slave-11,2026-04-28T00:00:00,True,Salih.Jasim@allient.com
nuc-slave-12,2026-04-28T00:00:00,True,Salih.Jasim@allient.com
nuc-slave-13,2026-05-07T00:00:00,True,Salih.Jasim@allient.com
nuc-slave-17,2026-04-28T00:00:00,True,Salih.Jasim@allient.com
nuc-slave-18,2026-05-07T00:00:00,True,Salih.Jasim@allient.com
nuc-slave-19,2026-05-07T00:00:00,True,Salih.Jasim@allient.com
nuc-slave-20,2026-04-28T00:00:00,True,Salih.Jasim@allient.com
nuc-slave-25,2026-04-28T00:00:00,True,Salih.Jasim@allient.com
nuc-slave-27,2026-04-28T00:00:00,True,Salih.Jasim@allient.com
nuc-slave-29,2026-04-28T00:00:00,True,Salih.Jasim@allient.com
nuc-slave-30,2026-04-28T00:00:00,True,Salih.Jasim@allient.com
nuc-slave-31,2026-04-28T00:00:00,True,Salih.Jasim@allient.com
nuc-slave-32,2026-04-28T00:00:00,True,Salih.Jasim@allient.com
nuc-slave-33,2026-04-28T00:00:00,True,Salih.Jasim@allient.com
nuc-slave-34,2026-04-28T00:00:00,True,Salih.Jasim@allient.com
nuc-slave-35,2026-05-07T00:00:00,True,Salih.Jasim@allient.com
nuc-slave-36,2026-05-05T00:00:00,True,Salih.Jasim@allient.com
nuc-slave-37,2026-05-07T00:00:00,True,Salih.Jasim@allient.com
nuc-slave-38,2026-05-07T00:00:00,True,Salih.Jasim@allient.com
nuc-slave-39,2026-04-28T00:00:00,True,Salih.Jasim@allient.com
nuc-slave-40,2026-04-28T00:00:00,True,Salih.Jasim@allient.com
AM-1HMKKS3,2026-05-22T00:00:00,True,molly.gillum@allient.com
AM-1ZTM924,2026-05-22T00:00:00,True,molly.gillum@allient.com
AM-22FS6G4,2026-05-22T00:00:00,True,molly.gillum@allient.com
AM-30RBGT3,2026-05-06T00:00:00,True,molly.gillum@allient.com
AM-4N8C1J4,2026-05-22T00:00:00,True,molly.gillum@allient.com
AM-4TKD094,2026-05-22T00:00:00,True,molly.gillum@allient.com
AM-5K10GX3,2026-05-22T00:00:00,True,molly.gillum@allient.com
AM-5ML1M84,2026-05-22T00:00:00,True,molly.gillum@allient.com
AM-5TKD094,2026-05-22T00:00:00,True,molly.gillum@allient.com
AM-5VTM924,2026-05-22T00:00:00,True,molly.gillum@allient.com
AM-5ZD7JS3,2026-05-22T00:00:00,True,molly.gillum@allient.com
AM-62XC094,2026-05-22T00:00:00,True,molly.gillum@allient.com
AM-6C7YKS3,2026-05-22T00:00:00,True,molly.gillum@allient.com
AM-6KXWHS3,2026-05-22T00:00:00,True,molly.gillum@allient.com
AM-6YY1SF4,2026-05-06T00:00:00,True,molly.gillum@allient.com
AM-6Z8VW34,2026-05-22T00:00:00,True,molly.gillum@allient.com
AM-7MBVF54,2026-05-22T00:00:00,True,molly.gillum@allient.com
AM-7ML1M84,2026-05-22T00:00:00,True,molly.gillum@allient.com
AM-8V4SK84,2026-05-22T00:00:00,True,molly.gillum@allient.com
AM-8WGFLY3,2026-05-22T00:00:00,True,molly.gillum@allient.com
AM-90HFLY3,2026-03-24T00:00:00,True,molly.gillum@allient.com
AM-9V4SK84,2026-05-22T00:00:00,True,molly.gillum@allient.com
AM-9VBVFH4,2026-05-22T00:00:00,True,molly.gillum@allient.com
AM-B228LY3,2026-05-22T00:00:00,True,molly.gillum@allient.com
AM-B4M5SY3,2026-05-06T00:00:00,True,molly.gillum@allient.com
AM-B59VF54,2026-05-22T00:00:00,True,molly.gillum@allient.com
AM-B8C8C54,2026-05-22T00:00:00,True,molly.gillum@allient.com
AM-B8S1894,2026-05-22T00:00:00,True,molly.gillum@allient.com
AM-BDKS324,2026-05-22T00:00:00,True,molly.gillum@allient.com
AM-BFSDKD4,2026-05-22T00:00:00,True,molly.gillum@allient.com
AM-BN4KFS3,2026-05-22T00:00:00,True,molly.gillum@allient.com
AM-C5GZL84,2026-05-22T00:00:00,True,molly.gillum@allient.com
AM-CYKWDX3,2026-05-22T00:00:00,True,molly.gillum@allient.com
AM-DNBVF54,2026-05-22T00:00:00,True,molly.gillum@allient.com
AM-F91D164,2026-05-22T00:00:00,True,molly.gillum@allient.com
AM-FF6R324,2026-05-22T00:00:00,True,molly.gillum@allient.com
AM-FWTGGX3,2026-05-22T00:00:00,True,molly.gillum@allient.com
AM-G31D164,2026-05-22T00:00:00,True,molly.gillum@allient.com
AM-G6MTKY3,2026-05-22T00:00:00,True,molly.gillum@allient.com
AM-G6VS0J4,2026-05-22T00:00:00,True,molly.gillum@allient.com
AM-G959C54,2026-05-22T00:00:00,True,molly.gillum@allient.com
AM-GB8MND3,2026-05-22T00:00:00,True,molly.gillum@allient.com
AM-GCJ5T44,2026-05-22T00:00:00,True,molly.gillum@allient.com
AM-GG18LY3,2026-05-22T00:00:00,True,molly.gillum@allient.com
AM-H5J5T44,2026-05-22T00:00:00,True,molly.gillum@allient.com
AM-H74HXH4,2026-05-22T00:00:00,True,molly.gillum@allient.com
AM-HG03ZW3,2026-05-22T00:00:00,True,molly.gillum@allient.com
AM-HNN6HX3,2026-05-22T00:00:00,True,molly.gillum@allient.com
AM-HPKCQ04,2026-05-22T00:00:00,True,molly.gillum@allient.com
AM-HYKWDX3,2026-05-22T00:00:00,True,molly.gillum@allient.com
AM-iPad-DR6N0TDL4T,2026-05-26T00:00:00,True,molly.gillum@allient.com
AM-J5JNJS3,2026-05-22T00:00:00,True,molly.gillum@allient.com
AM-J72KRY3,2026-05-22T00:00:00,True,molly.gillum@allient.com
AM-JLLYL84,2026-05-22T00:00:00,True,molly.gillum@allient.com
AM-JZGFLY3,2026-05-22T00:00:00,True,molly.gillum@allient.com
DLA01853,2026-05-22T00:00:00,True,molly.gillum@allient.com
DLA01875,2026-05-22T00:00:00,True,molly.gillum@allient.com
DLA01882,2026-05-22T00:00:00,True,molly.gillum@allient.com
DLA01883,2026-05-22T00:00:00,True,molly.gillum@allient.com
DLA01907,2026-05-22T00:00:00,True,molly.gillum@allient.com
DLA01919,2026-05-22T00:00:00,True,molly.gillum@allient.com
DLA01920,2026-05-22T00:00:00,True,molly.gillum@allient.com
DLA01921,2026-05-22T00:00:00,True,molly.gillum@allient.com
DLA01936,2026-05-22T00:00:00,True,molly.gillum@allient.com
DLA01955,2026-05-22T00:00:00,True,molly.gillum@allient.com
DLA01985,2026-05-22T00:00:00,True,molly.gillum@allient.com
DLA01986,2026-05-22T00:00:00,True,molly.gillum@allient.com
DLA02000,2026-05-22T00:00:00,True,molly.gillum@allient.com
DLA02018,2026-05-22T00:00:00,True,molly.gillum@allient.com
DLA02019,2026-05-22T00:00:00,True,molly.gillum@allient.com
DLA02020,2026-05-22T00:00:00,True,molly.gillum@allient.com
DLA02021,2026-05-22T00:00:00,True,molly.gillum@allient.com
DLA02022,2026-05-22T00:00:00,True,molly.gillum@allient.com
DLA02043,2026-05-22T00:00:00,True,molly.gillum@allient.com
DLA02053,2026-05-22T00:00:00,True,molly.gillum@allient.com
DLA02054,2026-05-22T00:00:00,True,molly.gillum@allient.com
DLA02060,2026-05-22T00:00:00,True,molly.gillum@allient.com
DLA02066,2026-05-22T00:00:00,True,molly.gillum@allient.com
DLA02106,2026-05-22T00:00:00,True,molly.gillum@allient.com
DLA02107,2026-05-22T00:00:00,True,molly.gillum@allient.com
DLA02113,2026-05-22T00:00:00,True,molly.gillum@allient.com
DLA02160,2026-05-22T00:00:00,True,molly.gillum@allient.com
DLA02161,2026-05-22T00:00:00,True,molly.gillum@allient.com
DLA02181-A,2026-05-26T00:00:00,True,molly.gillum@allient.com
DLA02183-A,2026-05-22T00:00:00,True,molly.gillum@allient.com
DLA02183-B,2026-05-22T00:00:00,True,molly.gillum@allient.com
DLA02183-C,2026-05-22T00:00:00,True,molly.gillum@allient.com
DLA02195,2026-05-22T00:00:00,True,molly.gillum@allient.com
DLA02232,2026-05-22T00:00:00,True,molly.gillum@allient.com
DLA02236,2026-05-22T00:00:00,True,molly.gillum@allient.com
DLA02236-A,2026-05-22T00:00:00,True,molly.gillum@allient.com
DLA02345,2026-05-22T00:00:00,True,molly.gillum@allient.com
DLA02345-A,2026-05-22T00:00:00,True,molly.gillum@allient.com
DLA02352,2026-05-22T00:00:00,True,molly.gillum@allient.com
DLA02352-A,2026-05-22T00:00:00,True,molly.gillum@allient.com
DLA02387,2026-05-22T00:00:00,True,molly.gillum@allient.com
GM-WENZEL,2026-05-26T00:00:00,True,molly.gillum@allient.com
USDAYDTP004,2026-05-26T00:00:00,True,molly.gillum@allient.com
USDAYDTPUPS,2026-05-26T00:00:00,True,molly.gillum@allient.com
USDAYLTP021,2026-05-26T00:00:00,True,molly.gillum@allient.com
USDAYDTP009,2026-05-26T00:00:00,True,molly.gillum@allient.com
AM-4S3F5Y3,2026-05-22T00:00:00,True,molly.gillum@allient.com
